INSERT INTO EMPLEADO VALUES ('1');
INSERT INTO EMPLEADO VALUES ('2');
INSERT INTO EMPLEADO VALUES ('3');
INSERT INTO EMPLEADO VALUES ('4');
INSERT INTO EMPLEADO VALUES ('5');
INSERT INTO EMPLEADO VALUES ('6');
INSERT INTO EMPLEADO VALUES ('7');
INSERT INTO EMPLEADO VALUES ('8');
INSERT INTO EMPLEADO VALUES ('9');
INSERT INTO EMPLEADO VALUES ('10');
INSERT INTO EMPLEADO VALUES ('11');
INSERT INTO EMPLEADO VALUES ('12');
INSERT INTO EMPLEADO VALUES ('13');
INSERT INTO EMPLEADO VALUES ('14');
INSERT INTO EMPLEADO VALUES ('15');
INSERT INTO EMPLEADO VALUES ('16');
INSERT INTO EMPLEADO VALUES ('17');
INSERT INTO EMPLEADO VALUES ('18');
INSERT INTO EMPLEADO VALUES ('19');
INSERT INTO EMPLEADO VALUES ('20');
INSERT INTO EMPLEADO VALUES ('21');
INSERT INTO EMPLEADO VALUES ('22');
INSERT INTO EMPLEADO VALUES ('23');
INSERT INTO EMPLEADO VALUES ('24');
INSERT INTO EMPLEADO VALUES ('25');
INSERT INTO EMPLEADO VALUES ('26');
INSERT INTO EMPLEADO VALUES ('27');
INSERT INTO EMPLEADO VALUES ('28');
INSERT INTO EMPLEADO VALUES ('29');
INSERT INTO EMPLEADO VALUES ('30');


INSERT INTO EMPLEADO_LABORATORIO VALUES ('1','SERGIO','MAS');
INSERT INTO EMPLEADO_LABORATORIO VALUES ('2','DAVID','ROZAS');
INSERT INTO EMPLEADO_LABORATORIO VALUES ('3','GERALDO','FALDO');
INSERT INTO EMPLEADO_LABORATORIO VALUES ('4','BENDER','LERENDER');
INSERT INTO EMPLEADO_LABORATORIO VALUES ('5','HOMER','J. SIMPSON');
INSERT INTO EMPLEADO_LABORATORIO VALUES ('6','FRY','FRANSWORD');
INSERT INTO EMPLEADO_LABORATORIO VALUES ('7','ARMANDO','JALEO');
INSERT INTO EMPLEADO_LABORATORIO VALUES ('8','BENITO','CAMELA');
INSERT INTO EMPLEADO_LABORATORIO VALUES ('9','AITOR','TILLA');
INSERT INTO EMPLEADO_LABORATORIO VALUES ('10','CHUACHE','NAGGER');


INSERT INTO SICARIO VALUES ('11','MAKINAVAJA');
INSERT INTO SICARIO VALUES ('12','POPEYE');
INSERT INTO SICARIO VALUES ('13','RICARDO');
INSERT INTO SICARIO VALUES ('14','JOSUA');
INSERT INTO SICARIO VALUES ('15','MANDARINA');
INSERT INTO SICARIO VALUES ('16','PINCHO');
INSERT INTO SICARIO VALUES ('17','EL WICHY');


INSERT INTO DISTRIBUIDOR VALUES ('18','RODOLFO','654345677');
INSERT INTO DISTRIBUIDOR VALUES ('19','JOSE','643333333');
INSERT INTO DISTRIBUIDOR VALUES ('20','DAVID','655557897');
INSERT INTO DISTRIBUIDOR VALUES ('21','JORGE','600000000');
INSERT INTO DISTRIBUIDOR VALUES ('22','VANESSA','612121212');
INSERT INTO DISTRIBUIDOR VALUES ('23','RODOLFA','623453443');
INSERT INTO DISTRIBUIDOR VALUES ('24','ANTONIA','600000006');
INSERT INTO DISTRIBUIDOR VALUES ('25','GEMA','622111111');


INSERT INTO PAIS VALUES ('ESPAÑA');
INSERT INTO PAIS VALUES ('FRANCIA');
INSERT INTO PAIS VALUES ('HOLANDA');
INSERT INTO PAIS VALUES ('JAMAICA');
INSERT INTO PAIS VALUES ('COLOMBIA');



INSERT INTO DISTRIBUYE_EN VALUES ('18','ESPAÑA');
INSERT INTO DISTRIBUYE_EN VALUES ('23','ESPAÑA');
INSERT INTO DISTRIBUYE_EN VALUES('24','FRANCIA');
INSERT INTO DISTRIBUYE_EN VALUES('25','HOLANDA');
INSERT INTO DISTRIBUYE_EN VALUES ('19','JAMAICA');
INSERT INTO DISTRIBUYE_EN VALUES('19','FRANCIA');
INSERT INTO DISTRIBUYE_EN VALUES('20','COLOMBIA');


INSERT INTO ALDEA VALUES ('POZUELO','MADRID','50000');
INSERT INTO ALDEA VALUES ('LUPERON','PUERTO PLATA','10000');
INSERT INTO ALDEA VALUES ('MEDRANDA','GUADALAJARA','2');
INSERT INTO ALDEA VALUES ('ROZALEN','CUENCA','35');


INSERT INTO ESPECIALISTA VALUES ('6','FABRICAR COCA','POZUELO');
INSERT INTO ESPECIALISTA VALUES ('7','CORTAR COCA','LUPERON');
INSERT INTO ESPECIALISTA VALUES ('8','FABRICAR TRIPIS','LUPERON');
INSERT INTO ESPECIALISTA VALUES ('9','CREAR LSD','LUPERON');
INSERT INTO ESPECIALISTA VALUES ('10','CATADOR DE DROGRAS','ROZALEN');


INSERT INTO LABORATORIO VALUES ('POZUELO','1','550','DAVID');
INSERT INTO LABORATORIO VALUES ('POZUELO','2','580','SERGIO');
INSERT INTO LABORATORIO VALUES ('LUPERON','1','550','GERALDO');


INSERT INTO POLICIA VALUES ('200','PANTUFLO','25','TONTOLABA');
INSERT INTO POLICIA VALUES ('201','RONALDO','45','SOBORNABLE');
INSERT INTO POLICIA VALUES ('202','PECAS','55','BORRACHO');
INSERT INTO POLICIA VALUES ('203','CHICHU','41','JUGADOR');
INSERT INTO POLICIA VALUES ('204','BIGUN','20','GLOTON');
INSERT INTO POLICIA VALUES ('205',NULL,NULL,NULL);
INSERT INTO POLICIA VALUES ('206','NARCISO',NULL,'LISTO');
INSERT INTO POLICIA VALUES ('207',NULL,'50',NULL);
INSERT INTO POLICIA VALUES ('208','ANA',NULL,NULL);
INSERT INTO POLICIA VALUES ('209','MARTA','58',NULL);


INSERT INTO GEOAN VALUES ('200','1','MAKINAVAJA','SR X');
INSERT INTO GEOAN VALUES ('201','2','POPEYE','SR X');
INSERT INTO GEOAN VALUES ('202','3','MAKINAVAJA',NULL);
INSERT INTO GEOAN VALUES ('203','1',NULL,NULL);


INSERT INTO ESPIA VALUES ('204','10');
INSERT INTO ESPIA VALUES ('206','2');
INSERT INTO ESPIA VALUES ('207','0');
INSERT INTO ESPIA VALUES ('208','0');


INSERT INTO CELDA VALUES ('1','0005','POZUELO','8','204');
INSERT INTO CELDA VALUES ('1','0004','POZUELO','5','206');


INSERT INTO CAPTURA VALUES ('201','12');
INSERT INTO CAPTURA VALUES ('202','11');


INSERT INTO CAMPESINO VALUES ('1','POZUELO','1','POZUELO');
INSERT INTO CAMPESINO VALUES ('2','POZUELO','1','POZUELO');
INSERT INTO CAMPESINO VALUES ('3','POZUELO','1','POZUELO');
INSERT INTO CAMPESINO VALUES ('4','POZUELO','2','POZUELO');
INSERT INTO CAMPESINO VALUES ('5','LUPERON','1','LUPERON');


INSERT INTO DENUNCIA VALUES ('204','2','6');
INSERT INTO DENUNCIA VALUES ('204','2','7');
INSERT INTO DENUNCIA VALUES ('206','3','6');
INSERT INTO DENUNCIA VALUES ('208','1','8');


INSERT INTO TRABAJA_COMO_ESPECIALISTA VALUES ('6','POZUELO','1');
INSERT INTO TRABAJA_COMO_ESPECIALISTA VALUES ('6','POZUELO','2');
INSERT INTO TRABAJA_COMO_ESPECIALISTA VALUES ('7','LUPERON','1');

INSERT INTO SOBORNA VALUES('1','204','4');
INSERT INTO SOBORNA VALUES('2','204','6');
INSERT INTO SOBORNA VALUES('3','206','2');